year,meet,stroke,gender,distance,event_name,field_size,seed_mean,seed_median,seed_std,seed_cv,fastest_seed,slowest_seed,seed_range,seed_skewness,seed_kurtosis,seed_iqr,seed_iqr_ratio,avg_gap,hhi_seed_times,a_final_cutoff_sec,b_final_cutoff_sec,c_final_cutoff_sec,distance_category,stroke_category
2006,2006_Nescac_Msd_Results,Backstroke,Men,100,100_Backstroke,28,57.06857142857143,56.45,3.8162797088691667,0.06687182828197698,51.09,66.0,14.909999999999997,0.7373064495461499,0.11399227568413339,3.125,0.05535872453498671,0.5522222222222221,0.03586230402531973,54.03,55.29,59.68,sprint,back
2006,2006_Nescac_Msd_Results,Breaststroke,Men,100,100_Breaststroke,27,65.06555555555556,63.38,4.437540471037843,0.06820106941604294,60.28,80.32,20.039999999999992,1.8558614217761291,3.304149394131315,2.6500000000000057,0.041811296939097596,0.7707692307692304,0.03717574221006633,60.68,62.79,67.07,sprint,breast
2006,2006_Nescac_Msd_Results,Butterfly,Men,100,100_Butterfly,22,55.307727272727284,55.64,2.492791301147046,0.045071302403276704,50.43,62.39,11.96,0.6051490939616037,1.0128114341387704,2.8874999999999957,0.05189611790079072,0.5695238095238095,0.04554337926193764,52.3,55.08,,sprint,fly
2006,2006_Nescac_Msd_Results,Freestyle,Men,100,100_Freestyle,45,50.626444444444445,50.17,2.3664677433353942,0.04674370814115273,47.33,58.6,11.270000000000003,1.0566227853949652,1.2165224769212344,3.1099999999999994,0.06198923659557503,0.2561363636363637,0.02226685983272623,47.64,48.6,49.15,sprint,free
2006,2006_Nescac_Msd_Results,Backstroke,Men,200,200_Backstroke,27,125.3174074074074,122.61,7.440986390502867,0.05937711722931029,114.97999999999999,141.02,26.04000000000002,0.5523161654540436,-0.5982047942204067,8.960000000000008,0.07307723676698481,1.0015384615384624,0.037160831249499024,119.0,121.57,128.27,short,back
2006,2006_Nescac_Msd_Results,Breaststroke,Men,200,200_Breaststroke,27,142.71962962962965,138.93,10.878820906112493,0.07622512007874471,129.97,179.21,49.24000000000001,1.785161178041247,3.0493916259184966,8.185000000000002,0.05891456128985822,1.8938461538461542,0.03720837670911764,134.68,137.86,145.26,short,breast
2006,2006_Nescac_Msd_Results,Butterfly,Men,200,200_Butterfly,24,123.47416666666668,121.69,7.429846856130722,0.060173290144071065,112.25999999999999,143.98,31.72,0.805173308209246,0.33095362908817094,10.877500000000026,0.08938696688306375,1.3791304347826085,0.04180620435429514,115.98,121.65,131.09,short,fly
2006,2006_Nescac_Msd_Results,Freestyle,Men,200,200_Freestyle,34,111.97647058823529,111.23,5.3761537105744255,0.04801145885677938,103.5,122.46,18.959999999999994,0.258430275346836,-0.983383070916751,8.627499999999998,0.07756450597860287,0.5745454545454544,0.029478338315394523,105.38,108.42,110.78,short,free
2006,2006_Nescac_Msd_Results,IM,Men,200,200_IM,22,124.32818181818183,124.44999999999999,5.2249711929294085,0.042025638246447075,114.87,135.86,20.99000000000001,0.08993824159747013,-0.4599076376484139,7.13000000000001,0.05729208517476907,0.9995238095238099,0.04553486170718509,117.76,123.34,,short,im
2006,2006_Nescac_Msd_Results,IM,Men,400,400_IM,24,271.09833333333336,268.67499999999995,11.007284582897315,0.04060255349988865,253.12,295.99,42.870000000000005,0.5571338208892267,-0.14677192810917816,13.265000000000043,0.049371917744487,1.8639130434782611,0.04173284443571308,255.25,263.0,279.35,middle,im
2006,2006_Nescac_Msd_Results,Freestyle,Men,500,500_Freestyle,41,306.45878048780486,301.15,16.542935445287103,0.05398094784216962,278.77,344.26,65.49000000000001,0.6507444277371973,-0.46786949009500267,26.059999999999945,0.08653494936078349,1.6372500000000003,0.02445720580790719,285.39,287.99,292.25,distance,free
2006,2006_Nescac_Msd_Results,Backstroke,Men,50,50_Backstroke,28,26.855,26.84,1.579888106345329,0.05883031488904595,24.27,30.59,6.32,0.3775743192490447,-0.40153481484409914,2.080000000000002,0.07749627421758576,0.23407407407407407,0.03583430728968548,25.31,26.38,27.86,sprint,back
2006,2006_Nescac_Msd_Results,Breaststroke,Men,50,50_Breaststroke,24,30.253749999999997,29.91,1.960913504169252,0.06481555192890971,27.83,36.85,9.020000000000003,1.7986297974740013,3.3831155738290537,1.8249999999999993,0.061016382480775636,0.3921739130434784,0.041810382760619,27.83,29.09,35.52,sprint,breast
2006,2006_Nescac_Msd_Results,Butterfly,Men,50,50_Butterfly,19,25.03421052631579,25.27,0.6387184190522184,0.025513823109412696,23.65,25.96,2.3100000000000023,-0.716813176148396,-0.6479212275247099,0.9849999999999994,0.03897902651365253,0.12833333333333347,0.052667187754354264,24.27,24.66,,sprint,fly
2006,2006_Nescac_Msd_Results,Freestyle,Men,50,50_Freestyle,39,23.043846153846147,23.0,0.9936919384995802,0.04312179190337666,21.59,25.56,3.969999999999999,0.906482669998947,0.26202480132552575,1.1099999999999994,0.048260869565217364,0.10447368421052629,0.025685523623717874,21.72,22.26,22.7,sprint,free
2007,2007_Nescac_Msd_Results,Backstroke,Men,100,100_Backstroke,27,56.7837037037037,56.38,2.768819976155304,0.04876082036851549,52.55,65.29,12.740000000000009,1.1956075163100959,1.7130409646969875,2.204999999999991,0.03910961333806298,0.4900000000000003,0.03711686463726734,54.75,55.35,59.09,sprint,back
2007,2007_Nescac_Msd_Results,Breaststroke,Men,100,100_Breaststroke,30,64.00766666666668,63.019999999999996,4.175857343774514,0.06523995579343901,59.57,79.74,20.169999999999995,2.313090623056798,5.677373174552265,3.1225000000000023,0.04954776261504288,0.6955172413793101,0.03344318458769146,60.13,61.61,63.59,sprint,breast
2007,2007_Nescac_Msd_Results,Butterfly,Men,100,100_Butterfly,33,55.96424242424243,56.28,2.779118053151341,0.04965881664374127,50.74,61.19,10.449999999999996,-0.024551028118519638,-0.6839982502052266,3.1199999999999974,0.05543710021321957,0.32656249999999987,0.030378671145387712,52.02,53.96,54.97,sprint,fly
2007,2007_Nescac_Msd_Results,Freestyle,Men,100,100_Freestyle,49,50.757142857142846,50.11,2.427782224708849,0.047831341325533204,46.89,59.45,12.560000000000002,1.2199059822067715,1.7072824373020934,3.0,0.05986828976252245,0.2616666666666667,0.020450409362872516,47.61,48.31,49.2,sprint,free
2007,2007_Nescac_Msd_Results,Backstroke,Men,200,200_Backstroke,30,124.0753333333333,122.38,6.397571275274879,0.05156199144021278,114.22999999999999,141.07,26.840000000000003,1.0163843332531508,0.49219597402760895,7.88000000000001,0.06438960614479498,0.9255172413793105,0.033414226852791856,116.52,119.89,126.77,short,back
2007,2007_Nescac_Msd_Results,Breaststroke,Men,200,200_Breaststroke,29,141.8303448275862,139.49,9.35023417842777,0.06592548435099861,129.47,176.67000000000002,47.20000000000002,2.234316236529248,5.43279855950238,8.879999999999995,0.06366047745358086,1.6857142857142864,0.034599753055218334,133.64,136.07999999999998,141.24,short,breast
2007,2007_Nescac_Msd_Results,Butterfly,Men,200,200_Butterfly,30,123.73366666666666,123.285,6.219804114457481,0.050267678005642344,114.22,137.14,22.919999999999987,0.38849763541410887,-0.816044399964992,8.515,0.06906760757594194,0.7903448275862065,0.033414985058071736,116.44,121.67,124.56,short,fly
2007,2007_Nescac_Msd_Results,Freestyle,Men,200,200_Freestyle,36,111.05499999999999,109.645,5.144978943915452,0.04632820623938996,102.72,125.98,23.260000000000005,0.6582682597172427,0.13388185682045917,7.502499999999998,0.06842537279401703,0.6645714285714287,0.027834492879948523,104.73,106.66,109.84,short,free
2007,2007_Nescac_Msd_Results,IM,Men,200,200_IM,27,124.46999999999998,123.94,5.538294295512266,0.04449501322015158,116.25,141.97,25.72,1.1615779640519688,1.9283773872283332,5.585000000000008,0.04506212683556566,0.9892307692307691,0.03710427408514471,117.53,120.1,125.23,short,im
2007,2007_Nescac_Msd_Results,IM,Men,400,400_IM,19,268.4415789473684,267.22,13.259711143618032,0.049395146592465015,245.93,302.53,56.599999999999966,0.8257558868511572,0.5878997320829891,12.784999999999968,0.047844472719107724,3.1444444444444426,0.05275172616856335,256.56,267.86,,middle,im
2007,2007_Nescac_Msd_Results,Freestyle,Men,500,500_Freestyle,38,305.9321052631579,301.44,16.59510329773828,0.054244399369145775,280.67,346.51,65.83999999999997,0.7782719922891336,-0.15853013941864713,23.307500000000005,0.07732052813163484,1.7794594594594588,0.026387821541948547,284.82,291.45,297.94,distance,free
2007,2007_Nescac_Msd_Results,Backstroke,Men,50,50_Backstroke,30,26.893000000000004,26.66,1.444818673744218,0.053724711774224436,24.66,30.9,6.239999999999998,0.683937014669856,0.3485108976782194,1.75,0.06564141035258815,0.2151724137931034,0.03342421216128634,25.33,26.1,27.01,sprint,back
2007,2007_Nescac_Msd_Results,Breaststroke,Men,50,50_Breaststroke,27,29.782592592592593,29.78,1.9790206942054143,0.06644890595245319,27.35,36.42,9.07,1.7383771675075217,3.2684774299771284,1.7850000000000001,0.05993955674949631,0.34884615384615386,0.03717191202870164,27.85,28.58,29.25,sprint,breast
2007,2007_Nescac_Msd_Results,Butterfly,Men,50,50_Butterfly,33,25.726969696969693,25.43,1.5996012473728813,0.062176045846600185,23.28,30.16,6.879999999999999,0.6462258329250187,0.11083413005392462,2.1400000000000006,0.08415257569799452,0.21499999999999997,0.030413293947343652,23.77,24.54,25.14,sprint,fly
2007,2007_Nescac_Msd_Results,Freestyle,Men,50,50_Freestyle,43,23.01813953488372,22.8,1.0419799038680642,0.045267772501289945,21.39,25.42,4.030000000000001,0.5693361240154268,-0.5280019257553321,1.625,0.0712719298245614,0.09595238095238098,0.02330141135810652,21.53,21.95,22.38,sprint,free
2009,2009_Nescac_Msd_Results,Backstroke,Men,100,100_Backstroke,31,56.21935483870968,55.74,2.369179707618803,0.042141709281720736,52.37,61.86,9.490000000000002,0.6533890303427788,-0.10353934654582808,2.924999999999997,0.052475780409041925,0.3163333333333334,0.0323127355164378,52.43,54.17,55.89,sprint,back
2009,2009_Nescac_Msd_Results,Breaststroke,Men,100,100_Breaststroke,40,63.605999999999995,63.08,2.740680389976183,0.04308839401905769,59.2,70.21000000000001,11.010000000000005,0.5344426200835729,-0.2893554598810688,4.010000000000012,0.06357006975269519,0.2823076923076924,0.02504468536373407,58.95,60.32,61.99,sprint,breast
2009,2009_Nescac_Msd_Results,Butterfly,Men,100,100_Butterfly,36,55.262499999999996,55.33,2.0760102962172415,0.03756634781664314,50.88,60.37,9.489999999999995,0.12855360501038574,-0.17642542086007174,2.887500000000003,0.05218687872763425,0.271142857142857,0.027816898445386228,51.62,52.48,54.13,sprint,fly
2009,2009_Nescac_Msd_Results,Freestyle,Men,100,100_Freestyle,57,50.81263157894737,50.27,2.5955363346071514,0.0510805335987072,46.95,57.14,10.189999999999998,0.6231975972156096,-0.4933608996484953,3.9299999999999997,0.07817783966580465,0.18196428571428566,0.01758721152338956,46.8,47.29,48.14,sprint,free
2009,2009_Nescac_Msd_Results,Backstroke,Men,200,200_Backstroke,34,123.86441176470589,123.905,5.505990957010839,0.04445175881083645,115.56,136.43,20.870000000000005,0.30441847697226365,-0.7509497828005394,8.144999999999996,0.06573584601105682,0.6324242424242426,0.029468714165999367,113.85,115.6,123.17,short,back
2009,2009_Nescac_Msd_Results,Breaststroke,Men,200,200_Breaststroke,36,140.40166666666667,140.78,5.672454152402743,0.04040161550126002,129.06,154.73,25.669999999999987,0.25066287267624365,-0.34195762409984276,8.827499999999986,0.0627042193493393,0.7334285714285711,0.027822552920834066,130.31,133.59,137.14,short,breast
2009,2009_Nescac_Msd_Results,Butterfly,Men,200,200_Butterfly,28,123.27035714285714,123.38499999999999,4.824365600146569,0.03913646161141276,112.61,132.19,19.58,0.05074266520848318,-0.44235937562271443,5.797499999999999,0.04698707298293958,0.7251851851851852,0.035769170542931314,116.19,119.65,121.7,short,fly
2009,2009_Nescac_Msd_Results,Freestyle,Men,200,200_Freestyle,41,112.12512195121951,112.5,5.4170193054723015,0.04831227124844509,103.85,126.04,22.190000000000012,0.4987843424340056,-0.2535877414201164,7.6699999999999875,0.06817777777777767,0.5547500000000003,0.02444505922455392,103.53,105.17,109.23,short,free
2009,2009_Nescac_Msd_Results,IM,Men,200,200_IM,29,125.08482758620688,125.73,4.463434289863428,0.035683258921129224,117.78,135.2,17.419999999999987,0.40089660908342173,-0.3529460771029713,6.179999999999993,0.049152946790742,0.6221428571428567,0.034525670037867925,116.84,120.23,125.04,short,im
2009,2009_Nescac_Msd_Results,IM,Men,400,400_IM,26,270.0846153846154,267.59,11.787916965712498,0.043645273718852344,252.75,296.73,43.98000000000002,0.8038575235533698,-0.20741336632904073,16.38749999999999,0.06124107776822747,1.7592000000000008,0.03853035344466662,250.82,262.31,277.06,middle,im
2009,2009_Nescac_Msd_Results,Freestyle,Men,500,500_Freestyle,49,304.8065306122449,302.55,14.00493113608967,0.045946952343701046,277.58,342.74,65.16000000000003,0.4652740819089956,-0.059444026705644415,16.859999999999957,0.05572632622706976,1.3575000000000006,0.020449903298137614,279.88,285.48,290.23,distance,free
2009,2009_Nescac_Msd_Results,Backstroke,Men,50,50_Backstroke,29,85.09827586206896,26.42,308.78213081527315,3.628535686384068,24.83,1719.0,1694.17,5.102321989348819,24.034413478588313,1.9800000000000004,0.0749432248296745,60.50607142857143,0.03578093820540434,24.65,25.52,26.78,sprint,back
2009,2009_Nescac_Msd_Results,Breaststroke,Men,50,50_Breaststroke,28,29.112142857142857,29.03,1.0981847266637568,0.03772256587406481,27.21,31.13,3.919999999999998,0.19617903218064864,-0.8872637421453202,1.629999999999999,0.056148811574233515,0.1451851851851851,0.035764592596799885,27.02,27.75,28.78,sprint,breast
2009,2009_Nescac_Msd_Results,Butterfly,Men,50,50_Butterfly,38,25.168421052631576,25.134999999999998,1.0542383789052585,0.04188734671518175,23.24,27.48,4.240000000000002,0.20930660108939284,-0.5676253423504711,1.2699999999999996,0.05052715337179231,0.11459459459459465,0.02636149169446325,23.42,23.81,24.11,sprint,fly
2009,2009_Nescac_Msd_Results,Freestyle,Men,50,50_Freestyle,45,22.945999999999998,22.7,1.049466319400273,0.04573635140766465,21.41,25.59,4.18,0.7095766681060636,-0.4543094646905068,1.5899999999999999,0.07004405286343612,0.09499999999999999,0.022266103403305225,21.33,21.56,22.28,sprint,free
2010,2010_Nescac_Msd_Results,Backstroke,Men,100,100_Backstroke,31,56.56290322580645,56.49,2.3420478956403654,0.04140607645775547,52.07,62.82,10.75,0.458084521764088,-0.004724817193575426,3.7900000000000063,0.06709152062311924,0.35833333333333334,0.03231179639574536,53.0,54.91,57.08,sprint,back
2010,2010_Nescac_Msd_Results,Breaststroke,Men,100,100_Breaststroke,35,63.49514285714285,62.9,2.742179916394537,0.043187239102117504,57.96,70.52,12.559999999999995,0.5153677695308839,-0.28790222700721557,3.8799999999999955,0.061685214626391024,0.3694117647058822,0.02862282892205702,59.36,60.59,62.52,sprint,breast
2010,2010_Nescac_Msd_Results,Butterfly,Men,100,100_Butterfly,35,54.89942857142857,55.08,1.910630326593284,0.034802371833568366,50.41,59.13,8.720000000000006,-0.11788262239250534,-0.07124214666607243,2.3599999999999994,0.04284676833696441,0.2564705882352943,0.028606566044703373,51.57,53.13,53.97,sprint,fly
2010,2010_Nescac_Msd_Results,Freestyle,Men,100,100_Freestyle,45,50.57911111111111,49.4,2.9836501300865406,0.058989769977019206,46.27,60.99,14.719999999999999,1.2811908288867855,1.6427786274823637,3.6700000000000017,0.07429149797570854,0.33454545454545453,0.022290269949036705,46.57,47.48,48.85,sprint,free
2010,2010_Nescac_Msd_Results,Backstroke,Men,200,200_Backstroke,30,122.46666666666667,122.16,5.049179031178126,0.04122900678697436,113.63,134.17,20.539999999999992,0.33295407170412766,-0.5806462734096658,7.702500000000015,0.06305255402750504,0.7082758620689652,0.033388831149617305,114.64,119.1,125.96,short,back
2010,2010_Nescac_Msd_Results,Breaststroke,Men,200,200_Breaststroke,36,140.67166666666668,141.07999999999998,5.937887531212872,0.042210970211102955,129.65,157.29,27.639999999999986,0.22976447232329728,0.11515875992258717,8.839999999999975,0.06265948398072,0.7897142857142854,0.027826833354880495,131.99,134.4,139.19,short,breast
2010,2010_Nescac_Msd_Results,Butterfly,Men,200,200_Butterfly,31,124.6058064516129,125.32,5.025415902668862,0.04033051144065536,114.44,137.44,23.0,0.06187433843818796,-0.09740962898564431,6.724999999999994,0.053662623683370526,0.7666666666666667,0.03231073918511296,117.03,121.02,123.98,short,fly
2010,2010_Nescac_Msd_Results,Freestyle,Men,200,200_Freestyle,38,111.48368421052632,109.17,6.963406766448003,0.06246121856986958,104.50999999999999,138.39,33.879999999999995,1.8963828844031214,4.133053266088257,7.3574999999999875,0.06739488870568826,0.9156756756756755,0.02639987152556044,103.72,105.37,107.75,short,free
2010,2010_Nescac_Msd_Results,IM,Men,200,200_IM,33,125.87121212121212,126.66,4.378233182859207,0.03478343545816523,115.94,135.0,19.060000000000002,-0.24724064078014335,-0.3027144788855951,5.420000000000002,0.0427917258803095,0.5956250000000001,0.030340555904811505,116.95,120.33,124.62,short,im
2010,2010_Nescac_Msd_Results,IM,Men,400,400_IM,29,269.06655172413787,270.5,10.20629835152922,0.03793224496366717,248.76,295.27,46.50999999999999,-0.05153793002537357,0.219112936416749,10.360000000000014,0.038299445471349405,1.6610714285714283,0.03453303142831893,253.58,261.61,269.65,middle,im
2010,2010_Nescac_Msd_Results,Freestyle,Men,500,500_Freestyle,48,303.93791666666664,302.615,13.496059603691325,0.044404001158212386,278.69,342.4,63.70999999999998,0.5323782481344221,0.32072704970675847,18.360000000000014,0.06067114981081577,1.3555319148936167,0.0208729871196616,282.07,288.62,292.4,distance,free
2010,2010_Nescac_Msd_Results,Backstroke,Men,50,50_Backstroke,27,26.342592592592588,26.13,1.1564107709011713,0.04389889745424482,24.22,28.74,4.52,0.14481309084381658,-0.984233588856219,1.7900000000000027,0.06850363566781488,0.17384615384615382,0.037107917731294036,24.57,25.86,27.04,sprint,back
2010,2010_Nescac_Msd_Results,Breaststroke,Men,50,50_Breaststroke,29,29.02413793103449,28.93,1.239428447925395,0.04270336817136325,26.81,31.73,4.920000000000002,0.22132494666211033,-0.7098821682144396,1.7100000000000009,0.05910819218804013,0.17571428571428577,0.03454488412524095,27.2,27.79,28.57,sprint,breast
2010,2010_Nescac_Msd_Results,Butterfly,Men,50,50_Butterfly,39,25.174615384615382,25.16,1.1889185910623021,0.04722688203565841,23.05,28.93,5.879999999999999,0.9482345878702032,1.300748167325401,1.2050000000000018,0.0478934817170112,0.15473684210526314,0.02569420511970294,23.7,23.99,24.47,sprint,fly
2010,2010_Nescac_Msd_Results,Freestyle,Men,50,50_Freestyle,40,22.77825,22.47,1.2436034084465994,0.05459609093967269,20.87,26.93,6.059999999999999,1.3246517504946937,1.7761620411253949,1.3249999999999993,0.05896751223854025,0.15538461538461534,0.025065857005263485,21.15,21.8,22.11,sprint,free
2011,2011_Nescac_Msd_Results,Backstroke,Men,100,100_Backstroke,31,57.12290322580644,56.39,3.7030494787739014,0.06482600270045401,51.32,66.98,15.660000000000004,0.7235314957236527,0.073784756104184,5.18,0.09186025891115446,0.5220000000000001,0.03238396246006468,52.9,54.69,56.92,sprint,back
2011,2011_Nescac_Msd_Results,Breaststroke,Men,100,100_Breaststroke,36,63.373333333333335,63.06,2.9540743991232783,0.04661383966636774,58.04,73.78,15.740000000000002,1.2758583028863506,2.542966850549959,3.865000000000009,0.061290834126229134,0.4497142857142858,0.02783247606531779,59.26,60.23,62.08,sprint,breast
2011,2011_Nescac_Msd_Results,Butterfly,Men,100,100_Butterfly,34,55.1135294117647,55.46,2.056430205553161,0.03731262046727476,51.26,60.0,8.740000000000002,0.2131928425609908,-0.2527171444423666,2.6099999999999994,0.04706094482509916,0.2648484848484849,0.029452348191138646,51.21,52.5,54.02,sprint,fly
2011,2011_Nescac_Msd_Results,Freestyle,Men,100,100_Freestyle,53,51.15358490566037,50.33,3.000983545904747,0.05866614336882331,46.67,58.62,11.949999999999996,0.6068532174174642,-0.5934137294825779,4.469999999999999,0.08881382873037948,0.2298076923076922,0.018929086412686782,47.15,47.95,48.65,sprint,free
2011,2011_Nescac_Msd_Results,Backstroke,Men,200,200_Backstroke,29,123.74896551724137,124.58,5.360643518258366,0.04331869358141416,112.4,131.31,18.909999999999997,-0.3153463956694911,-0.9694065356718551,8.509999999999991,0.06830951998715677,0.6753571428571428,0.034549635129609964,116.37,120.32,121.37,short,back
2011,2011_Nescac_Msd_Results,Breaststroke,Men,200,200_Breaststroke,37,140.29,139.92000000000002,6.478133281340453,0.04617672878566151,128.23,155.28,27.05000000000001,0.24765119029926297,-0.49034684136301765,8.210000000000008,0.05867638650657524,0.7513888888888892,0.027083868321763925,129.87,132.37,136.61,short,breast
2011,2011_Nescac_Msd_Results,Butterfly,Men,200,200_Butterfly,36,124.46916666666668,124.69999999999999,5.185252257337366,0.04165892964659814,113.75999999999999,136.92000000000002,23.160000000000025,0.05352681579775092,-0.5018796836869255,7.917500000000004,0.06349238171611872,0.6617142857142865,0.027826140230073692,115.76,119.08,121.18,short,fly
2011,2011_Nescac_Msd_Results,Freestyle,Men,200,200_Freestyle,39,110.35820512820513,109.92,5.515106467017459,0.0499745937387298,102.14,122.98,20.840000000000003,0.6657003135620908,-0.43788308086836825,6.75,0.06140829694323144,0.548421052631579,0.025701496736343196,103.62,105.18,106.18,short,free
2011,2011_Nescac_Msd_Results,IM,Men,200,200_IM,35,124.84771428571432,125.49,4.789963367419889,0.038366448235151875,115.14,134.75,19.61,0.04421579237065396,-0.17305572655014823,5.349999999999994,0.04263287911387357,0.576764705882353,0.028613681139194744,117.01,119.41,120.99,short,im
2011,2011_Nescac_Msd_Results,IM,Men,400,400_IM,37,269.8524324324324,268.69,12.732221394982101,0.04718216278509954,246.69,309.96,63.26999999999998,0.9437180902295971,1.818548565378089,10.099999999999966,0.03758978748743893,1.7574999999999994,0.027083195827263592,249.83,255.8,259.85,middle,im
2011,2011_Nescac_Msd_Results,Freestyle,Men,500,500_Freestyle,43,302.5902325581396,299.56,17.005854599037097,0.056200937007342425,279.95,351.12,71.17000000000002,1.154098109322148,0.8491256436963268,20.524999999999977,0.06851715849913198,1.69452380952381,0.023321456621074946,278.46,287.65999999999997,292.2,distance,free
2011,2011_Nescac_Msd_Results,Backstroke,Men,50,50_Backstroke,29,26.596206896551728,26.39,1.6010522699109233,0.060198519139904275,23.78,31.47,7.689999999999998,0.8233449522686105,1.108767274110277,1.6899999999999977,0.06403940886699498,0.2746428571428571,0.034598950088674266,24.66,25.63,26.9,sprint,back
2011,2011_Nescac_Msd_Results,Breaststroke,Men,50,50_Breaststroke,36,29.34,29.115000000000002,1.483807040464943,0.05057283709832799,26.89,34.83,7.939999999999998,1.360739108164579,3.170245041181829,1.697499999999998,0.058303280096170286,0.22685714285714279,0.027841367824993583,27.08,27.64,28.29,sprint,breast
2011,2011_Nescac_Msd_Results,Butterfly,Men,50,50_Butterfly,40,25.361,25.03,1.29937831288659,0.05123529485771815,23.24,28.88,5.640000000000001,0.7125154250253095,-0.11399190153064964,1.8674999999999997,0.0746104674390731,0.14461538461538462,0.025061711049501435,23.43,23.78,24.29,sprint,fly
2011,2011_Nescac_Msd_Results,Freestyle,Men,50,50_Freestyle,43,22.91813953488372,22.66,1.1745642553016595,0.051250419062762675,21.04,26.12,5.080000000000002,0.6066567773432519,-0.24540538309667603,1.5449999999999982,0.0681818181818181,0.12095238095238099,0.023313862001629458,21.48,21.73,22.11,sprint,free
2012,2012_Nescac_Msd_Results,Backstroke,Men,100,100_Backstroke,39,56.91358974358973,55.76,4.291688142647478,0.07540708927310033,51.11,76.22,25.11,2.398987873565556,8.11849372407552,4.575000000000003,0.08204806312769015,0.6607894736842105,0.025751672426358084,52.45,53.76,55.01,sprint,back
2012,2012_Nescac_Msd_Results,Breaststroke,Men,100,100_Breaststroke,38,62.92078947368423,62.709999999999994,2.2421927490962337,0.035635165544672644,57.65,68.76,11.110000000000007,0.4144826041949214,0.2505766368241513,3.177499999999995,0.05066974964120547,0.3002702702702704,0.02634849845824128,58.96,60.78,62.0,sprint,breast
2012,2012_Nescac_Msd_Results,Butterfly,Men,100,100_Butterfly,40,54.80225,54.254999999999995,2.273715557738038,0.04148945632228673,50.91,61.79,10.880000000000003,1.0150160449765067,0.9241245213760738,2.6374999999999957,0.04861303105704536,0.278974358974359,0.025039990421959705,51.0,51.94,53.02,sprint,fly
2012,2012_Nescac_Msd_Results,Freestyle,Men,100,100_Freestyle,56,50.56767857142857,50.254999999999995,2.3946666865225352,0.047355677661571643,46.87,57.05,10.18,0.7180731941208638,-0.028494054099816424,2.8625000000000043,0.05695950651676459,0.18509090909090908,0.01789494636371956,46.87,47.92,48.31,sprint,free
2012,2012_Nescac_Msd_Results,Backstroke,Men,200,200_Backstroke,34,122.49794117647059,121.80000000000001,6.014203179049803,0.04909636130443808,112.35,136.46,24.110000000000014,0.4917473837113828,-0.4933965534763063,7.277499999999989,0.05974958949096871,0.730606060606061,0.029479958605845402,114.06,117.58,121.2,short,back
2012,2012_Nescac_Msd_Results,Breaststroke,Men,200,200_Breaststroke,37,138.50540540540538,138.32999999999998,5.631667985162647,0.04066027581146564,126.81,150.45,23.639999999999986,0.016956313832793123,-0.6264343672543435,8.210000000000008,0.05935082773078876,0.6566666666666663,0.027071952767651127,128.02,133.33,135.33,short,breast
2012,2012_Nescac_Msd_Results,Butterfly,Men,200,200_Butterfly,36,123.69388888888885,122.485,5.646326867864226,0.04564758144952643,114.57,140.24,25.670000000000016,0.6205613382859567,0.15874634605193894,7.829999999999998,0.06392619504429112,0.7334285714285719,0.027833075605014686,115.12,118.01,120.61,short,fly
2012,2012_Nescac_Msd_Results,Freestyle,Men,200,200_Freestyle,39,111.68743589743589,109.47,7.372382531760599,0.06600905887508027,100.69,129.49,28.80000000000001,0.8636734792595964,-0.2283649654723683,8.010000000000005,0.07317073170731712,0.7578947368421055,0.025742300274135294,103.43,105.57,108.01,short,free
2012,2012_Nescac_Msd_Results,IM,Men,200,200_IM,41,124.31341463414635,123.37,6.209445444684859,0.04994992264478633,113.27000000000001,145.36,32.09,1.0888931817509266,2.1406140506717053,7.849999999999994,0.06362973170138603,0.8022500000000001,0.02444608530462185,115.38,117.79,120.86,short,im
2012,2012_Nescac_Msd_Results,IM,Men,400,400_IM,26,263.5630769230769,265.04999999999995,9.879331482066197,0.03748374619616982,245.97,284.15999999999997,38.18999999999997,-0.02762629399489766,-0.8745868909671937,15.995000000000005,0.060347104319939664,1.5275999999999987,0.038515942556927085,251.78,261.3,268.69,middle,im
2012,2012_Nescac_Msd_Results,Freestyle,Men,500,500_Freestyle,47,299.83276595744684,298.97,15.296051458524188,0.051015276498149804,276.12,350.88,74.75999999999999,1.2925936453215283,2.351162034346573,15.75,0.05268087099040037,1.6252173913043477,0.02132626205734063,278.4,285.24,290.25,distance,free
2012,2012_Nescac_Msd_Results,Backstroke,Men,50,50_Backstroke,33,26.824848484848484,26.44,1.8736710380590667,0.0698483362960046,23.67,34.0,10.329999999999998,1.6892356844883532,4.429319715680322,2.3200000000000003,0.08774583963691378,0.32281249999999995,0.03042657862713866,24.5,25.24,26.67,sprint,back
2012,2012_Nescac_Msd_Results,Breaststroke,Men,50,50_Breaststroke,31,29.153548387096773,29.11,1.1523147766269783,0.03952571266203011,25.99,31.17,5.180000000000003,-0.33205632713365363,0.0005946764089546086,1.8149999999999977,0.06234970800412222,0.17266666666666677,0.03231030697778336,27.1,27.67,28.79,sprint,breast
2012,2012_Nescac_Msd_Results,Butterfly,Men,50,50_Butterfly,39,25.061794871794874,24.78,1.1587833402829413,0.046237045120302335,23.14,27.65,4.509999999999998,0.6466213173292827,-0.44135280304262725,1.5949999999999989,0.06436642453591601,0.11868421052631574,0.025693075925852883,23.25,23.64,24.18,sprint,fly
2012,2012_Nescac_Msd_Results,Freestyle,Men,50,50_Freestyle,47,22.98276595744681,22.9,1.042306570917249,0.045351659275785466,20.88,26.02,5.140000000000001,0.5474563176887051,0.14553047783804862,1.5250000000000021,0.0665938864628822,0.11173913043478262,0.021318716226524762,21.35,21.8,22.38,sprint,free
2013,2013_Nescac_Msd_Results,Backstroke,Men,100,100_Backstroke,36,55.338611111111106,54.56,3.534089661801794,0.0638629989232275,51.23,69.28,18.050000000000004,2.0770072400263353,4.98386106318966,2.6099999999999994,0.047837243401759516,0.5157142857142858,0.02786846458452698,51.39,52.63,54.18,sprint,back
2013,2013_Nescac_Msd_Results,Breaststroke,Men,100,100_Breaststroke,36,63.294166666666655,63.269999999999996,2.5183276803377987,0.03978767417225599,59.3,68.74,9.439999999999998,0.454077571380213,-0.5188307467028794,3.7950000000000017,0.059981033665244224,0.26971428571428563,0.02782045454960685,58.4,60.35,61.79,sprint,breast
2013,2013_Nescac_Msd_Results,Butterfly,Men,100,100_Butterfly,41,55.606097560975606,54.62,3.8263138206237732,0.06881104750118416,49.63,69.12,19.490000000000002,1.0207083903159921,1.7350547594044547,5.390000000000001,0.09868180153789823,0.48725000000000007,0.024494348805062845,50.83,51.94,52.93,sprint,fly
2013,2013_Nescac_Msd_Results,Freestyle,Men,100,100_Freestyle,57,50.4740350877193,50.26,2.7458196997126834,0.05440063777228624,46.27,59.69,13.419999999999995,1.069337384557825,1.3077009386637606,2.960000000000001,0.05889375248706727,0.23964285714285705,0.01759103628029964,46.47,47.39,47.93,sprint,free
2013,2013_Nescac_Msd_Results,Backstroke,Men,200,200_Backstroke,37,121.63027027027029,120.7,5.547311248624523,0.04560798258770651,111.69,133.77,22.080000000000013,0.2790129399221079,-0.7706902360449517,7.390000000000001,0.06122618061309031,0.6133333333333337,0.02708222994965388,112.4,115.65,117.97,short,back
2013,2013_Nescac_Msd_Results,Breaststroke,Men,200,200_Breaststroke,36,138.82305555555556,136.475,8.670282841549586,0.06245564043272213,123.4,167.98,44.579999999999984,1.0711197800208185,1.9427245246185816,9.067499999999995,0.06644074006228244,1.2737142857142854,0.027875776256443618,127.89,131.49,133.73,short,breast
2013,2013_Nescac_Msd_Results,Butterfly,Men,200,200_Butterfly,36,123.56694444444445,121.00999999999999,8.773167367808519,0.07099930654798156,112.09,153.12,41.03,1.3962834785134253,1.908780015326995,6.6499999999999915,0.05495413602181631,1.1722857142857144,0.027896634012479216,114.45,116.45,119.27,short,fly
2013,2013_Nescac_Msd_Results,Freestyle,Men,200,200_Freestyle,40,111.23625000000001,110.75,7.320924015279764,0.06581419290276114,101.06,133.72,32.66,1.379813122612241,1.9500991624082298,8.092500000000001,0.07306997742663658,0.8374358974358973,0.02509313791180662,103.02,104.82,106.53,short,free
2013,2013_Nescac_Msd_Results,IM,Men,200,200_IM,30,125.15466666666666,124.22,8.492283844107476,0.06785431235037828,112.18,154.07999999999998,41.89999999999998,1.2301324640624527,2.410197325364594,10.642500000000013,0.08567460956367745,1.4448275862068958,0.0334686202503112,116.4,119.84,122.3,short,im
2013,2013_Nescac_Msd_Results,IM,Men,400,400_IM,27,263.06518518518516,261.77,10.090368113672074,0.03835691182992893,241.28,287.88,46.599999999999994,0.28695615562320853,0.23614897291192927,13.515000000000043,0.05162929289070575,1.7923076923076922,0.03709085086591081,246.8,254.46,262.33,middle,im
2013,2013_Nescac_Msd_Results,Freestyle,Men,500,500_Freestyle,45,302.6813333333334,300.26,17.46341618609855,0.057695715800440986,276.48,365.78,89.29999999999995,1.155543424819821,2.0629600363755047,18.629999999999995,0.06204622660361019,2.0295454545454534,0.022288781968226954,277.54,283.75,293.54,distance,free
2013,2013_Nescac_Msd_Results,Backstroke,Men,50,50_Backstroke,31,25.94516129032258,25.97,1.1732498866678305,0.04522037360027694,24.43,28.63,4.199999999999999,0.7015020142172016,-0.3579559035696067,1.5449999999999982,0.059491721216788536,0.13999999999999999,0.03232044887283349,24.16,24.84,25.7,sprint,back
2013,2013_Nescac_Msd_Results,Breaststroke,Men,50,50_Breaststroke,34,29.259411764705884,29.049999999999997,1.398267712262466,0.04778864741051028,27.29,32.95,5.660000000000004,0.8254985354805481,0.09360131176105657,1.9924999999999997,0.06858864027538726,0.17151515151515162,0.029474495859529094,26.86,27.61,28.17,sprint,breast
2013,2013_Nescac_Msd_Results,Butterfly,Men,50,50_Butterfly,39,25.168205128205127,25.03,1.2123887668668756,0.04817144332267834,22.69,27.54,4.849999999999998,0.34215613631886377,-0.7518385851632186,1.9600000000000009,0.0783060327606872,0.12763157894736837,0.02569907569263908,23.14,23.73,24.16,sprint,fly
2013,2013_Nescac_Msd_Results,Freestyle,Men,50,50_Freestyle,54,22.8437037037037,22.83,0.9203769282127204,0.04029017974276639,21.4,25.62,4.220000000000002,0.7262443969120651,0.6355520473126166,1.202499999999997,0.05267192290845366,0.079622641509434,0.018547167813816736,21.28,21.62,22.09,sprint,free
2014,2014_Nescac_Msd_Results,Backstroke,Men,100,100_Backstroke,30,55.052666666666674,54.335,3.783193477591239,0.06871953179848216,50.67,70.92,20.25,2.4117005821571134,7.692726024616592,3.2025000000000006,0.058939909818717225,0.6982758620689655,0.033454371630349596,50.6,52.85,54.77,sprint,back
2014,2014_Nescac_Msd_Results,Breaststroke,Men,100,100_Breaststroke,37,62.17432432432433,61.61,2.6775740740156486,0.043065591835762126,58.07,69.67,11.600000000000001,0.7910347233813524,0.08315919790083726,3.8500000000000014,0.06248985554293136,0.32222222222222224,0.02707425909121175,58.14,59.37,60.45,sprint,breast
2014,2014_Nescac_Msd_Results,Butterfly,Men,100,100_Butterfly,41,54.22414634146342,53.51,2.5288529894002956,0.046637027229077185,50.4,60.56,10.160000000000004,0.8197244092108285,-0.053400885285317834,2.75,0.05139226312838722,0.2540000000000001,0.02443985302318273,49.78,51.4,52.19,sprint,fly
2014,2014_Nescac_Msd_Results,Freestyle,Men,100,100_Freestyle,65,50.34215384615384,49.61,2.8115336588404736,0.055848497611614915,46.72,61.31,14.590000000000003,1.825964782761385,3.6630974234695275,2.1299999999999955,0.042934892158838854,0.22796875000000005,0.015424874791373045,46.7,47.28,47.8,sprint,free
2014,2014_Nescac_Msd_Results,Backstroke,Men,200,200_Backstroke,38,121.51526315789474,119.525,7.793431355902801,0.06413541108639297,112.87,159.66,46.78999999999999,2.957262381147143,12.375823824269197,7.262500000000003,0.060761346998535894,1.2645945945945944,0.02639659038727218,110.33,114.78,117.72,short,back
2014,2014_Nescac_Msd_Results,Breaststroke,Men,200,200_Breaststroke,39,136.18589743589746,135.76,6.404324547722229,0.047026341701325844,125.55,154.59,29.040000000000006,0.8821615334290942,0.7692351212797517,7.624999999999972,0.056165291691219595,0.7642105263157897,0.025693954381273778,128.12,129.77,131.44,short,breast
2014,2014_Nescac_Msd_Results,Butterfly,Men,200,200_Butterfly,36,121.30277777777779,119.59,6.662351357987955,0.0549233206365079,111.86,139.59,27.730000000000004,1.191771914408284,0.9853478549957244,7.4750000000000085,0.06250522618948079,0.7922857142857144,0.027852566787090357,113.03,114.69,118.02,short,fly
2014,2014_Nescac_Msd_Results,Freestyle,Men,200,200_Freestyle,52,111.31846153846155,109.89,6.8089554673395405,0.061166453194171966,103.3,132.68,29.38000000000001,1.4140247233801442,1.535411822727446,7.22499999999998,0.06574756574756557,0.5760784313725492,0.019292659560941332,102.67,104.26,105.32,short,free
2014,2014_Nescac_Msd_Results,IM,Men,200,200_IM,36,123.18444444444442,121.895,6.198646108647186,0.050320039487150865,114.46000000000001,146.19,31.72999999999999,1.545832157408528,3.308352113456908,6.180000000000007,0.050699372410681384,0.9065714285714283,0.027839502560215806,113.91,116.48,119.54,short,im
2014,2014_Nescac_Msd_Results,IM,Men,400,400_IM,27,260.6303703703704,260.31,7.981785041920031,0.030624923068549022,245.3,277.63,32.329999999999984,0.18111444483816913,-0.24965379469290472,8.504999999999995,0.03267258268986975,1.243461538461538,0.03707155746176346,246.44,252.07,261.02,middle,im
2014,2014_Nescac_Msd_Results,Freestyle,Men,500,500_Freestyle,53,301.04716981132077,296.12,16.97169178893817,0.056375523475523985,276.48,368.38,91.89999999999998,1.5598160646375285,3.2301272622947126,16.670000000000016,0.05629474537349728,1.7673076923076918,0.018919734455839783,278.47,280.81,283.58,distance,free
2014,2014_Nescac_Msd_Results,Backstroke,Men,50,50_Backstroke,29,25.692413793103448,25.47,1.7237882403998417,0.06709327719385222,23.44,32.91,9.469999999999995,2.478842986786635,7.980133155184085,1.490000000000002,0.05850019630938367,0.3382142857142855,0.03460176711297128,23.7,24.62,26.02,sprint,back
2014,2014_Nescac_Msd_Results,Breaststroke,Men,50,50_Breaststroke,34,28.774117647058826,28.619999999999997,1.206429144325027,0.04192758086009783,26.47,32.24,5.770000000000003,0.38781725467627226,0.35732324848007524,1.6549999999999976,0.05782669461914737,0.17484848484848495,0.0294623813212561,26.56,27.3,27.7,sprint,breast
2014,2014_Nescac_Msd_Results,Butterfly,Men,50,50_Butterfly,46,24.85521739130435,24.665,0.9452690878227189,0.03803101268200628,23.13,27.43,4.300000000000001,0.7152630223311186,0.16869511959518624,1.177500000000002,0.04773971214271243,0.09555555555555557,0.021769136740110915,23.15,23.49,23.9,sprint,fly
2014,2014_Nescac_Msd_Results,Freestyle,Men,50,50_Freestyle,43,22.53860465116279,22.49,0.7062695361211506,0.03133599204796884,21.53,24.41,2.879999999999999,0.9270622027842065,0.2616890020231888,0.8500000000000014,0.037794575366829765,0.06857142857142855,0.02327746429842672,21.35,21.54,21.85,sprint,free
2015,2015_Nescac_Msd_Results,Backstroke,Men,100,100_Backstroke,32,54.667500000000004,54.165,2.484747220543772,0.04545200019287094,49.69,59.95,10.260000000000005,0.3157106520080653,-0.47047462750668023,3.424999999999997,0.06323271485276465,0.33096774193548406,0.03131329917948773,50.71,52.29,54.61,sprint,back
2015,2015_Nescac_Msd_Results,Breaststroke,Men,100,100_Breaststroke,44,61.784545454545444,61.155,2.7120467401321005,0.04389522849411166,57.28,69.15,11.870000000000005,0.8028922041423318,0.4035358864599634,2.7049999999999983,0.044231869838933825,0.2760465116279071,0.02276853061850592,57.11,58.0,59.12,sprint,breast
2015,2015_Nescac_Msd_Results,Butterfly,Men,100,100_Butterfly,34,54.93176470588235,54.155,3.015470376524283,0.05489483894555043,50.95,61.06,10.11,0.6216508741803508,-0.9303466926542772,4.944999999999993,0.09131197488689859,0.30636363636363634,0.029495145476073785,50.78,51.94,55.09,sprint,fly
2015,2015_Nescac_Msd_Results,Freestyle,Men,100,100_Freestyle,59,49.8664406779661,49.25,2.079106524783218,0.041693501611834285,46.42,56.4,9.979999999999997,1.3822223637801103,1.8359884168549794,1.9150000000000063,0.0388832487309646,0.17206896551724132,0.016975739764499138,46.4,47.24,47.41,sprint,free
2015,2015_Nescac_Msd_Results,Backstroke,Men,200,200_Backstroke,32,119.55000000000001,118.975,4.750179601867702,0.03973383188513343,110.84,129.52,18.680000000000007,0.38141442876414194,-0.5199381776742089,6.737499999999997,0.05662954402185331,0.6025806451612905,0.031298174117154826,109.75,114.27,117.73,short,back
2015,2015_Nescac_Msd_Results,Breaststroke,Men,200,200_Breaststroke,39,134.64641025641026,134.98,5.241614297816493,0.038928734066023485,125.17,149.69,24.519999999999996,0.3064403549173668,0.3617555387667921,5.425000000000011,0.0401911394280635,0.6452631578947368,0.025679347125503085,125.59,128.38,129.84,short,breast
2015,2015_Nescac_Msd_Results,Butterfly,Men,200,200_Butterfly,34,121.0714705882353,119.64500000000001,6.381553440029981,0.052708977672648226,111.53999999999999,137.64,26.099999999999994,0.773764922468755,-0.08375003671967196,8.105000000000018,0.06774207029127852,0.7909090909090908,0.02948798168652339,112.28,116.07,119.72,short,fly
2015,2015_Nescac_Msd_Results,Freestyle,Men,200,200_Freestyle,48,109.65958333333333,109.22500000000001,3.799639762712892,0.034649409082315126,103.37,123.63,20.25999999999999,0.9870343749204842,1.959718564121097,5.190000000000012,0.047516594186312766,0.43106382978723384,0.020856947948431338,102.5,103.82,105.11,short,free
2015,2015_Nescac_Msd_Results,IM,Men,200,200_IM,35,122.2102857142857,121.03,4.907360935058554,0.040155056559898955,113.69,132.62,18.930000000000007,0.4904192231308257,-0.6370703602181051,7.210000000000008,0.05957200694042806,0.5567647058823532,0.028615973277143485,113.62,115.91,118.23,short,im
2015,2015_Nescac_Msd_Results,IM,Men,400,400_IM,27,261.9944444444444,257.76,11.407057053301864,0.04353930892500553,241.61,283.4,41.789999999999964,0.41116949544695425,-0.9557308953871995,17.860000000000014,0.06928926132836753,1.607307692307691,0.03710513866629739,243.97,252.26,264.02,middle,im
2015,2015_Nescac_Msd_Results,Freestyle,Men,500,500_Freestyle,46,299.90717391304355,296.515,15.114634811714552,0.05039771011311973,274.59000000000003,346.2,71.60999999999996,1.1808497186048297,1.6073174302169102,17.840000000000032,0.06016559027367935,1.5913333333333324,0.021789074631147775,277.25,281.46,285.15,distance,free
2015,2015_Nescac_Msd_Results,Backstroke,Men,50,50_Backstroke,27,25.652592592592587,25.73,1.2829381573172907,0.05001202715423588,23.28,28.43,5.149999999999999,0.1279644809845336,-0.5623342587769433,1.7799999999999976,0.06917994558880675,0.198076923076923,0.037129455237655866,23.77,24.81,25.65,sprint,back
2015,2015_Nescac_Msd_Results,Breaststroke,Men,50,50_Breaststroke,37,28.29432432432433,28.21,1.0169550218349648,0.03594201473688133,26.51,31.53,5.02,0.8060650618358708,1.239457702641034,1.0199999999999996,0.03615739099610066,0.13944444444444443,0.02706031557131502,26.27,26.68,27.13,sprint,breast
2015,2015_Nescac_Msd_Results,Butterfly,Men,50,50_Butterfly,33,24.98484848484848,24.87,1.0173617729417395,0.04071914918990589,22.95,27.16,4.210000000000001,0.13088642874796197,-0.6876660099320691,1.3099999999999987,0.05267390430237228,0.13156250000000003,0.030353063718477284,23.22,23.8,24.31,sprint,fly
2015,2015_Nescac_Msd_Results,Freestyle,Men,50,50_Freestyle,51,22.606078431372552,22.43,0.8945391593295453,0.039570735899425634,21.26,24.95,3.6899999999999977,0.8261024944766147,0.12457658987669529,1.0549999999999997,0.04703522068658046,0.07379999999999995,0.019636819541999296,21.16,21.41,21.77,sprint,free
2016,2016_Nescac_Msd_Results,Backstroke,Men,100,100_Backstroke,32,54.505624999999995,53.959999999999994,2.6348611651043394,0.04834108709154954,49.21,60.12,10.909999999999997,0.2432111488519133,-0.4843605732540168,3.480000000000004,0.06449221645663462,0.3519354838709676,0.03132207944010675,51.18,52.33,54.39,sprint,back
2016,2016_Nescac_Msd_Results,Breaststroke,Men,100,100_Breaststroke,34,60.705882352941174,60.53,2.046722081836422,0.03371538313102633,57.46,66.73,9.270000000000003,0.7712545055958351,0.7661772031487919,2.9450000000000003,0.04865356021807369,0.280909090909091,0.02944374694757534,57.48,58.1,59.85,sprint,breast
2016,2016_Nescac_Msd_Results,Butterfly,Men,100,100_Butterfly,40,55.227250000000005,54.24,3.3929588764822953,0.061436317696106454,50.95,67.0,16.049999999999997,1.3861316865440199,2.066984096443689,3.384999999999998,0.0624078171091445,0.41153846153846146,0.025081816911060456,50.73,51.84,53.41,sprint,fly
2016,2016_Nescac_Msd_Results,Freestyle,Men,100,100_Freestyle,66,50.588484848484846,50.385,2.803164468533593,0.055411117311167095,47.03,62.43,15.399999999999999,1.5813657490653779,3.7147517057826667,2.917500000000004,0.05790413813635019,0.2369230769230769,0.015191825938122598,46.51,47.35,47.7,sprint,free
2016,2016_Nescac_Msd_Results,Backstroke,Men,200,200_Backstroke,33,120.35999999999999,120.74,5.207720957939046,0.04326787103638291,109.8,131.6,21.799999999999997,-0.1308783140652696,-0.529543235092099,6.679999999999993,0.055325492794434265,0.6812499999999999,0.03036087773752197,111.61,116.31,118.5,short,back
2016,2016_Nescac_Msd_Results,Breaststroke,Men,200,200_Breaststroke,44,136.165,134.745,5.743963432081624,0.04218384630471578,125.5,156.88,31.379999999999995,1.0702171424398064,2.0827537263586215,7.0800000000000125,0.052543693643549015,0.729767441860465,0.022764823550743312,126.3,128.45,130.15,short,breast
2016,2016_Nescac_Msd_Results,Butterfly,Men,200,200_Butterfly,37,122.43918918918921,119.94,7.502201975268392,0.06127288186853495,111.67,145.95,34.27999999999999,0.9521649153697183,0.7337524744393811,10.730000000000004,0.08946139736534937,0.9522222222222219,0.027119260626683454,112.69,116.1,119.77,short,fly
2016,2016_Nescac_Msd_Results,Freestyle,Men,200,200_Freestyle,49,110.23367346938777,109.87,4.4476903861362445,0.04034783788069425,102.97,126.35,23.379999999999995,0.9203023059309485,1.6222717018356105,6.269999999999982,0.057067443342131444,0.48708333333333326,0.020439426797834278,102.53,104.43,106.38,short,free
2016,2016_Nescac_Msd_Results,IM,Men,200,200_IM,37,122.30648648648646,122.36,4.901279047745746,0.04007374578851371,114.71000000000001,132.36,17.650000000000006,0.2718379604707397,-0.8695573687710816,7.359999999999999,0.06015037593984962,0.4902777777777779,0.02706971103256821,114.14,116.05,117.6,short,im
2016,2016_Nescac_Msd_Results,IM,Men,400,400_IM,27,262.62,261.68,9.169224289659082,0.0349144173698084,245.94,277.87,31.930000000000007,-0.03740203940714097,-1.128760425447726,13.990000000000009,0.053462243962091135,1.2280769230769233,0.03708244929049529,245.04,251.42,259.72,middle,im
2016,2016_Nescac_Msd_Results,Freestyle,Men,500,500_Freestyle,45,298.0257777777778,296.01,10.900598452254076,0.03657602551542397,277.83,327.66,49.83000000000004,0.9133516214113607,0.869215445205259,13.189999999999998,0.04455930542887064,1.132500000000001,0.022250280369356168,277.56,282.73,286.14,distance,free
2016,2016_Nescac_Msd_Results,Backstroke,Men,50,50_Backstroke,30,25.781000000000002,25.485,1.4173057774053797,0.05497481778850237,22.56,29.25,6.690000000000001,0.27534107713336003,0.021905139753557012,1.822499999999998,0.07151265450264854,0.23068965517241383,0.03343285410197094,23.82,24.55,25.72,sprint,back
2016,2016_Nescac_Msd_Results,Breaststroke,Men,50,50_Breaststroke,32,28.314375,28.06,1.1373761951856567,0.040169567408274306,26.21,31.42,5.210000000000001,0.6841189908871649,0.3530296524083436,1.1750000000000007,0.041874554526015705,0.16806451612903228,0.031298184796934934,26.13,26.94,27.65,sprint,breast
2016,2016_Nescac_Msd_Results,Butterfly,Men,50,50_Butterfly,41,25.27341463414634,25.12,1.329536155602447,0.05260611495710361,22.85,28.86,6.009999999999998,0.8266927695792009,0.8293396506770971,1.5700000000000003,0.06250000000000001,0.15024999999999994,0.024453276778710977,23.21,23.88,24.41,sprint,fly
2016,2016_Nescac_Msd_Results,Freestyle,Men,50,50_Freestyle,43,22.72813953488372,22.4,1.212319045838227,0.05334000365395193,21.41,28.04,6.629999999999999,2.2200123516236636,6.575385867155488,1.1850000000000023,0.05290178571428582,0.15785714285714283,0.023310072396217404,21.11,21.51,21.85,sprint,free
2017,2017_Nescac_Msd_Results,Backstroke,Men,100,100_Backstroke,31,54.80483870967742,54.34,2.4322190464911797,0.044379640625813926,51.0,60.62,9.619999999999997,1.108271456131423,0.5449955690143549,2.5400000000000063,0.04674273095325738,0.3206666666666666,0.0323162142638457,50.98,52.9,54.96,sprint,back
2017,2017_Nescac_Msd_Results,Breaststroke,Men,100,100_Breaststroke,40,61.68475000000001,61.06,2.8387708497693147,0.04602062665033601,57.59,69.27,11.679999999999993,0.8851167781035582,0.10963240400957464,3.8274999999999935,0.0626842450049131,0.2994871794871793,0.025049273894721842,57.46,58.71,59.58,sprint,breast
2017,2017_Nescac_Msd_Results,Butterfly,Men,100,100_Butterfly,42,54.63261904761905,54.205,2.9201084940084074,0.05344990858781955,49.55,65.51,15.960000000000008,1.506113173445629,3.7394106887784035,2.4950000000000045,0.0460289641177014,0.389268292682927,0.02386934619921286,50.62,51.64,52.51,sprint,fly
2017,2017_Nescac_Msd_Results,Freestyle,Men,100,100_Freestyle,56,49.50910714285715,49.43,2.3510311391157357,0.04748684181138434,45.98,60.47,14.490000000000002,1.8679477776925035,6.395619064870898,2.5774999999999935,0.052144446692292,0.2634545454545455,0.017892064409313797,46.01,46.81,47.37,sprint,free
2017,2017_Nescac_Msd_Results,Backstroke,Men,200,200_Backstroke,36,119.39361111111111,118.6,4.98229652133865,0.041730009461745675,109.06,130.98,21.919999999999987,0.25420944246916,0.06552608975782892,5.900000000000006,0.049747048903878634,0.6262857142857139,0.02782563605993746,110.97,114.19,116.21,short,back
2017,2017_Nescac_Msd_Results,Breaststroke,Men,200,200_Breaststroke,41,136.97439024390243,136.3,6.344163074512065,0.046316417712941656,127.1,155.0,27.900000000000006,0.49537818475545575,-0.12246793060989347,9.699999999999989,0.0711665443873807,0.6975000000000001,0.024440736163112604,125.7,127.99,132.23,short,breast
2017,2017_Nescac_Msd_Results,Butterfly,Men,200,200_Butterfly,28,120.11964285714286,118.88,5.201086069372475,0.04329921356457975,113.72999999999999,132.73,19.0,0.8906285214367117,-0.018137379259192343,6.625000000000014,0.055728465679677104,0.7037037037037037,0.03577675883402188,112.95,116.84,121.79,short,fly
2017,2017_Nescac_Msd_Results,Freestyle,Men,200,200_Freestyle,45,108.48333333333332,108.00999999999999,3.9103287727646516,0.03604543345611909,101.93,119.69,17.75999999999999,0.5924610162111892,-0.12805130738014858,5.8799999999999955,0.054439403758911174,0.4036363636363634,0.02225005646038404,102.14,103.83,105.3,short,free
2017,2017_Nescac_Msd_Results,IM,Men,200,200_IM,28,120.98535714285715,120.215,4.384321483701781,0.03623844725709128,111.45,129.8,18.35000000000001,0.12070912859677706,-0.6065394102240456,6.3174999999999955,0.05255167824314765,0.6796296296296299,0.035761037261819596,114.61,116.42,120.16,short,im
2017,2017_Nescac_Msd_Results,IM,Men,400,400_IM,28,260.9985714285714,260.35,9.205028018226049,0.03526849962374307,238.28,280.73,42.45000000000002,0.1382937376575878,0.31033920564487794,10.0,0.038409832917226806,1.5722222222222229,0.035758667538673995,247.58,253.31,259.07,middle,im
2017,2017_Nescac_Msd_Results,Freestyle,Men,500,500_Freestyle,45,294.2068888888889,293.08,8.204890363468802,0.027888165346690735,279.40999999999997,317.36,37.950000000000045,0.8018043264098779,0.44370982800823633,9.930000000000007,0.03388153405213596,0.862500000000001,0.02223882519119816,277.58,281.6,285.06,distance,free
2017,2017_Nescac_Msd_Results,Backstroke,Men,50,50_Backstroke,37,25.71621621621621,25.36,1.308387394800244,0.050877912356919644,22.41,28.15,5.739999999999998,-0.10998140904310605,-0.2267933000642004,1.9799999999999969,0.07807570977917969,0.1594444444444444,0.027098827189478616,23.85,24.27,24.91,sprint,back
2017,2017_Nescac_Msd_Results,Breaststroke,Men,50,50_Breaststroke,36,28.49333333333334,28.240000000000002,1.2652448160116856,0.044404942068730184,26.63,31.83,5.199999999999999,0.6780791000232237,-0.11620772290439696,1.7925000000000004,0.06347379603399435,0.14857142857142855,0.02782980720203537,26.33,26.73,27.27,sprint,breast
2017,2017_Nescac_Msd_Results,Butterfly,Men,50,50_Butterfly,45,24.895111111111106,24.88,1.1482346299568305,0.04612289637238671,23.13,27.86,4.73,0.7676132381404666,0.23182551331358336,1.740000000000002,0.06993569131832805,0.10750000000000001,0.022266753560142002,22.76,23.34,23.92,sprint,fly
2017,2017_Nescac_Msd_Results,Freestyle,Men,50,50_Freestyle,46,22.54108695652174,22.4,1.1294250716353713,0.05010517344677552,20.69,26.37,5.68,1.67778002533754,3.5403211497621525,1.0350000000000037,0.04620535714285731,0.1262222222222222,0.02178643872250104,21.0,21.37,21.7,sprint,free
2018,2018_Nescac_Msd_Results,Backstroke,Men,100,100_Backstroke,35,54.97428571428572,55.05,2.5875153948077965,0.047067740147743294,49.35,60.49,11.14,0.07996166389603432,-0.46336879117718954,3.0899999999999963,0.05613079019073563,0.3276470588235294,0.028634900422658555,51.88,52.66,53.58,sprint,back
2018,2018_Nescac_Msd_Results,Breaststroke,Men,100,100_Breaststroke,37,61.104594594594595,60.91,2.2634195543225517,0.03704172442906244,56.81,68.33,11.519999999999996,0.8391851186123259,1.2203078888353014,2.729999999999997,0.04482022656378258,0.3199999999999999,0.027062248769910424,57.04,57.88,59.53,sprint,breast
2018,2018_Nescac_Msd_Results,Butterfly,Men,100,100_Butterfly,44,54.20136363636362,53.415000000000006,3.0104640165664374,0.05554221913610161,49.63,66.62,16.990000000000002,1.7822754333015445,4.745057502864979,2.8000000000000043,0.052419732284938764,0.3951162790697675,0.02278695532172388,50.44,50.77,52.0,sprint,fly
2018,2018_Nescac_Msd_Results,Freestyle,Men,100,100_Freestyle,53,49.80962264150943,49.38,2.6587505664468982,0.05337825153951673,45.62,59.55,13.93,1.1551024374993228,1.8914960180457863,3.5800000000000054,0.07249898744430955,0.2678846153846154,0.01891652892588813,46.4,46.68,47.64,sprint,free
2018,2018_Nescac_Msd_Results,Backstroke,Men,200,200_Backstroke,35,119.36771428571429,119.47,4.720600497947742,0.039546710986261176,110.15,134.89,24.73999999999998,0.6811363089354526,1.7545856033075449,3.8100000000000023,0.0318908512597305,0.7276470588235289,0.028614413622952597,112.15,114.65,115.71,short,back
2018,2018_Nescac_Msd_Results,Breaststroke,Men,200,200_Breaststroke,39,136.4520512820513,135.51,6.254505321596819,0.04583665296953677,124.92,152.64,27.719999999999985,0.8229010861108942,0.44589585008370713,7.704999999999984,0.05685927237842214,0.7294736842105259,0.025691585401541612,125.61,126.64,130.71,short,breast
2018,2018_Nescac_Msd_Results,Butterfly,Men,200,200_Butterfly,42,122.36904761904763,120.715,6.613657517564482,0.05404681695451079,112.44,143.63,31.189999999999998,1.1105108910814367,1.0682069157667407,6.929999999999993,0.05740794433169028,0.7607317073170731,0.023872320713361095,112.73,114.3,116.41,short,fly
2018,2018_Nescac_Msd_Results,Freestyle,Men,200,200_Freestyle,39,108.7623076923077,106.82,5.042230103649175,0.046360087521440024,101.78,125.43,23.650000000000006,1.1357508306489823,1.3104380331648828,6.124999999999986,0.057339449541284275,0.6223684210526317,0.02569134275449967,101.22,103.57,105.13,short,free
2018,2018_Nescac_Msd_Results,IM,Men,200,200_IM,34,121.22941176470589,121.41999999999999,3.8597736455854146,0.03183859089473145,113.89,128.62,14.730000000000004,0.23453693339800888,-0.5165879543158942,4.805000000000007,0.0395733816504695,0.44636363636363646,0.029441266446706218,114.32,115.34,117.64,short,im
2018,2018_Nescac_Msd_Results,IM,Men,400,400_IM,38,262.2818421052632,262.575,10.17723901532578,0.0388026823879073,245.32,287.1,41.78000000000003,0.4291844332629042,-0.24188301882839314,12.795000000000016,0.04872893459011717,1.12918918918919,0.02635439055831534,243.63,249.38,252.38,middle,im
2018,2018_Nescac_Msd_Results,Freestyle,Men,500,500_Freestyle,53,296.0677358490566,294.53,9.939190134714092,0.033570662828932375,279.2,322.29,43.09000000000003,0.6208878994533061,-0.10990586904499411,12.410000000000025,0.04213492683258081,0.8286538461538467,0.018888430448093387,276.75,278.92,283.53,distance,free
2018,2018_Nescac_Msd_Results,Backstroke,Men,50,50_Backstroke,32,25.7490625,25.595,1.2103030596068698,0.04700377186963097,23.11,28.05,4.940000000000001,-0.13985566892162757,-0.3589725284838088,1.4475000000000016,0.056554014455948494,0.15935483870967745,0.031320729367307676,24.08,24.42,25.24,sprint,back
2018,2018_Nescac_Msd_Results,Breaststroke,Men,50,50_Breaststroke,31,28.097741935483874,28.02,1.1269362110276189,0.04010771447809625,25.96,30.77,4.809999999999999,0.4393533203819322,-0.36193220601525855,1.4450000000000003,0.05157030692362599,0.1603333333333333,0.03230851927904059,26.21,26.77,27.53,sprint,breast
2018,2018_Nescac_Msd_Results,Butterfly,Men,50,50_Butterfly,43,24.872558139534885,24.53,1.4754456843781227,0.05932022255615536,22.88,29.72,6.84,1.5069471542335389,2.410198197033645,1.4600000000000009,0.05951895637994296,0.16285714285714287,0.02332616745587276,22.8,23.36,23.89,sprint,fly
2018,2018_Nescac_Msd_Results,Freestyle,Men,50,50_Freestyle,43,22.408372093023253,22.3,1.0210048179567852,0.0455635426669245,20.26,25.26,5.0,0.8673979535057982,0.9541332618187179,1.0150000000000006,0.0455156950672646,0.11904761904761904,0.02330109491977444,21.03,21.51,21.98,sprint,free
2019,2019_Nescac_Msd_Results,Backstroke,Men,100,100_Backstroke,35,54.61285714285714,54.6,2.71000218389851,0.049622054689606246,50.47,60.31,9.840000000000003,0.623449731254449,-0.39853218126136714,3.5,0.0641025641025641,0.2894117647058825,0.028638192855853322,50.19,51.71,53.33,sprint,back
2019,2019_Nescac_Msd_Results,Breaststroke,Men,100,100_Breaststroke,40,61.0145,60.29,2.6136927420796807,0.042837239378830945,57.19,68.03,10.840000000000003,1.1939824000746777,1.2433136146836494,3.0874999999999986,0.05121081439708075,0.27794871794871806,0.025041909006366086,57.06,58.11,58.9,sprint,breast
2019,2019_Nescac_Msd_Results,Butterfly,Men,100,100_Butterfly,37,54.25054054054054,53.46,2.8994947797997837,0.053446375850080954,50.3,63.37,13.07,1.2909302407286605,1.4916328072831941,2.780000000000001,0.05200149644594091,0.3630555555555556,0.027095546867637783,50.08,51.35,52.69,sprint,fly
2019,2019_Nescac_Msd_Results,Freestyle,Men,100,100_Freestyle,54,49.69,49.245000000000005,2.7015914377078367,0.05436891603356484,44.44,58.99,14.550000000000004,1.023824154550056,1.4114391312724308,3.3674999999999997,0.06838257691136154,0.27452830188679256,0.018568569576840842,46.12,46.66,47.31,sprint,free
2019,2019_Nescac_Msd_Results,Backstroke,Men,200,200_Backstroke,34,118.65088235294118,118.32,5.434614747776276,0.045803407779222136,108.28,131.88,23.599999999999994,0.20314054450369434,-0.4158031498355421,7.674999999999997,0.06486646382691005,0.715151515151515,0.0294729111964281,110.18,113.21,115.89,short,back
2019,2019_Nescac_Msd_Results,Breaststroke,Men,200,200_Breaststroke,38,135.7347368421053,134.47,6.796696851312605,0.05007337848393906,124.97,156.01,31.039999999999992,1.1411437941093712,1.2559006333971183,9.414999999999992,0.07001561686621545,0.8389189189189187,0.026375628776321443,125.95,127.74,129.98,short,breast
2019,2019_Nescac_Msd_Results,Butterfly,Men,200,200_Butterfly,33,120.51060606060605,119.72999999999999,5.755842322789233,0.04776212244667129,112.13,137.69,25.560000000000002,0.9972585426391614,1.0304892667000392,7.579999999999998,0.06330911216904701,0.7987500000000001,0.03036682790748407,112.44,114.96,117.97,short,fly
2019,2019_Nescac_Msd_Results,Freestyle,Men,200,200_Freestyle,33,107.55060606060606,106.72,4.061631959957117,0.03776484492954264,100.56,115.37,14.810000000000002,0.3909074246014812,-0.9470083795814865,5.890000000000001,0.05519115442278861,0.46281250000000007,0.03034515985444994,100.96,103.23,105.64,short,free
2019,2019_Nescac_Msd_Results,IM,Men,200,200_IM,38,121.51710526315786,120.125,4.372793222628648,0.03598500156137617,114.36,130.65,16.290000000000006,0.1901364431404939,-0.9758483227886003,6.474999999999994,0.05390218522372524,0.44027027027027044,0.026349533325338015,113.32,114.44,115.78,short,im
2019,2019_Nescac_Msd_Results,IM,Men,400,400_IM,23,258.2926086956522,256.62,9.19101603759903,0.035583736151075324,239.95,277.15,37.19999999999999,0.33369642248325526,-0.24580525690992383,9.129999999999995,0.035577897280024924,1.6909090909090905,0.043532366303977964,244.57,249.3,260.06,middle,im
2019,2019_Nescac_Msd_Results,Freestyle,Men,500,500_Freestyle,46,295.5784782608696,296.09,11.921059000118657,0.0403312821361691,277.77,329.96,52.19,0.6107896161077546,-0.024067164067358426,16.975000000000023,0.057330541389442484,1.1597777777777778,0.021773058266728793,274.46,279.88,283.68,distance,free
2019,2019_Nescac_Msd_Results,Backstroke,Men,50,50_Backstroke,32,25.4053125,25.39,1.2878130308176532,0.05069069828673248,23.09,27.99,4.899999999999999,0.2641685667834271,-0.6500106876257239,1.7324999999999982,0.06823552579755802,0.15806451612903222,0.031328949412403606,23.48,24.19,24.75,sprint,back
2019,2019_Nescac_Msd_Results,Breaststroke,Men,50,50_Breaststroke,34,28.158529411764704,27.92,1.2213231309982706,0.04337311487893252,26.38,31.89,5.510000000000002,1.1610729176675298,1.2766945697725776,1.4550000000000018,0.052113180515759375,0.16696969696969702,0.029462421778045055,26.09,26.81,27.27,sprint,breast
2019,2019_Nescac_Msd_Results,Butterfly,Men,50,50_Butterfly,39,24.77923076923077,24.49,1.2921903182350634,0.052148120749560184,22.9,28.66,5.760000000000002,1.056216694907105,0.9194049197907161,1.3349999999999973,0.05451204573295212,0.1515789473684211,0.025704512992759946,22.9,23.44,24.01,sprint,fly
2019,2019_Nescac_Msd_Results,Freestyle,Men,50,50_Freestyle,40,22.4895,22.22,1.2452870151093685,0.055371929794320394,19.77,25.87,6.100000000000001,1.1313012918336127,1.4169227389755754,0.8775000000000013,0.03949144914491455,0.15641025641025644,0.02506923076017645,21.32,21.55,21.73,sprint,free
2020,2020_Nescac_Msd_Results,Backstroke,Men,100,100_Backstroke,36,53.83361111111111,53.185,2.557389242499921,0.04750543739712239,49.84,61.65,11.809999999999995,0.9936548435429172,1.0591089053580616,3.250000000000007,0.06110745510952349,0.3374285714285713,0.027835680523644,50.63,51.72,53.0,sprint,back
2020,2020_Nescac_Msd_Results,Breaststroke,Men,100,100_Breaststroke,38,61.29763157894735,60.614999999999995,3.149184885524077,0.0513753109933478,56.28,69.23,12.950000000000003,0.736919756120575,-0.14342943588918367,3.3999999999999986,0.056091726470345604,0.3500000000000001,0.026380920762459577,57.42,57.71,60.01,sprint,breast
2020,2020_Nescac_Msd_Results,Butterfly,Men,100,100_Butterfly,48,53.861875,53.285,2.456867633330768,0.0456142240375176,49.52,61.66,12.139999999999993,1.251777356834392,1.7357965546365968,2.6899999999999977,0.05048325044571639,0.2582978723404254,0.020872612661826804,50.45,51.23,52.04,sprint,fly
2020,2020_Nescac_Msd_Results,Freestyle,Men,100,100_Freestyle,60,49.2005,48.565,2.568728884746954,0.05220940609845335,43.97,55.97,12.0,0.6817290262605025,-0.06879748869824054,3.667500000000004,0.07551734788427888,0.2033898305084746,0.016709521728782865,45.91,46.45,46.84,sprint,free
2020,2020_Nescac_Msd_Results,Backstroke,Men,200,200_Backstroke,32,118.85125,118.75999999999999,5.67925322445654,0.047784547696860906,110.02000000000001,134.7,24.67999999999998,0.9810755714162119,1.1819548767279366,7.969999999999999,0.06711013809363421,0.7961290322580639,0.031316027356660066,111.3,114.23,117.76,short,back
2020,2020_Nescac_Msd_Results,Breaststroke,Men,200,200_Breaststroke,42,134.73166666666668,134.10500000000002,5.475608214386812,0.040640840790114756,123.93,149.06,25.129999999999995,0.5594844633099569,0.1880644378440084,5.450000000000017,0.04063979717385643,0.6129268292682926,0.023847462687315628,125.44,128.25,129.92,short,breast
2020,2020_Nescac_Msd_Results,Butterfly,Men,200,200_Butterfly,38,120.29157894736842,119.34,5.192952981187094,0.04316971334676041,112.14,132.14,19.999999999999986,0.3853808077885479,-0.7814844856788716,6.980000000000004,0.058488352605999695,0.5405405405405401,0.026363517400602495,113.94,115.48,118.0,short,fly
2020,2020_Nescac_Msd_Results,Freestyle,Men,200,200_Freestyle,38,107.40842105263157,106.38499999999999,4.616292956996983,0.04297887364655456,100.71000000000001,119.45,18.739999999999995,0.6471049061993168,-0.2684636045936668,6.234999999999999,0.058607886450157444,0.5064864864864863,0.026362121565650314,101.24,103.17,105.58,short,free
2020,2020_Nescac_Msd_Results,IM,Men,200,200_IM,39,121.0276923076923,120.09,4.340049309384579,0.03585996912467555,112.50999999999999,132.02,19.51000000000002,0.3952293877806358,-0.2805279984257014,5.8300000000000125,0.0485469231409777,0.5134210526315794,0.025673272308347966,113.08,115.53,117.33,short,im
2020,2020_Nescac_Msd_Results,IM,Men,400,400_IM,29,258.87172413793104,259.93,7.400238145732563,0.02858650619481947,247.78,271.05,23.27000000000001,0.016313690681326216,-1.2370138624318856,13.110000000000014,0.05043665602277542,0.8310714285714289,0.0345109637801546,243.86,252.84,256.73,middle,im
2020,2020_Nescac_Msd_Results,Freestyle,Men,500,500_Freestyle,42,294.35238095238094,292.365,12.801756168500177,0.04349126080475357,275.15,328.4,53.25,0.9976464619445247,0.6071314492640405,16.402499999999975,0.05610281668462359,1.298780487804878,0.023851250759025302,277.14,282.23,287.40999999999997,distance,free
2020,2020_Nescac_Msd_Results,Backstroke,Men,50,50_Backstroke,30,24.841666666666665,24.755,1.0197845633051896,0.041051374571158254,23.25,27.23,3.9800000000000004,0.5090051646250258,-0.39480735072896467,1.422500000000003,0.05746313875984662,0.13724137931034483,0.03338758769298164,23.43,24.06,24.64,sprint,back
2020,2020_Nescac_Msd_Results,Breaststroke,Men,50,50_Breaststroke,32,28.2403125,28.095,1.3171951363954202,0.046642371127990176,26.1,32.07,5.969999999999999,0.8092394399197045,0.5319717837965969,1.6574999999999989,0.05899626268019217,0.19258064516129028,0.03131385323132321,26.31,26.71,27.92,sprint,breast
2020,2020_Nescac_Msd_Results,Butterfly,Men,50,50_Butterfly,48,24.458125000000006,24.31,0.8653531462405006,0.03538100922456241,22.9,26.72,3.8200000000000003,0.7584079433148262,0.28598896556927,0.9575000000000031,0.03938708350473069,0.08127659574468085,0.020858222148304555,22.84,23.15,23.51,sprint,fly
2020,2020_Nescac_Msd_Results,Freestyle,Men,50,50_Freestyle,48,22.391041666666666,22.18,1.2388674928863683,0.05532871187188485,19.71,25.52,5.809999999999999,0.6212171588451908,0.11398031055734448,1.4274999999999984,0.06435978358881869,0.12361702127659571,0.020893885785738465,20.74,21.33,21.67,sprint,free
2022,2022_Nescac_Msd_Results,Backstroke,Men,100,100_Backstroke,33,53.32848484848485,52.93,2.58813156099978,0.04853187875772385,49.31,60.79,11.479999999999997,0.74600936250977,0.39596756626265517,3.5,0.0661250708482902,0.3587499999999999,0.030370308797813703,49.97,51.35,52.71,sprint,back
2022,2022_Nescac_Msd_Results,Breaststroke,Men,100,100_Breaststroke,36,59.89055555555555,59.75,2.7493331963753245,0.045905955803415346,55.03,68.73,13.700000000000003,0.9157191920933374,1.391807967697865,4.072499999999998,0.06815899581589954,0.3914285714285715,0.027832489445564802,56.69,57.42,59.41,sprint,breast
2022,2022_Nescac_Msd_Results,Butterfly,Men,100,100_Butterfly,49,52.46346938775509,52.5,1.811483269814544,0.0345284688747127,48.84,56.85,8.009999999999998,0.136850506216792,-0.31946619998647474,2.270000000000003,0.0432380952380953,0.16687499999999997,0.020432407484950524,49.57,50.29,50.8,sprint,fly
2022,2022_Nescac_Msd_Results,Freestyle,Men,100,100_Freestyle,60,48.621,48.334999999999994,1.9723435299156185,0.040565671827309566,45.07,53.23,8.159999999999997,0.41249089707343994,-0.6040122550157019,2.905000000000001,0.060101375814627114,0.13830508474576264,0.016693354530065995,45.41,46.34,46.61,sprint,free
2022,2022_Nescac_Msd_Results,Backstroke,Men,200,200_Backstroke,35,118.27657142857144,117.38,5.919182348388111,0.05004526489815248,109.22999999999999,133.8,24.57000000000002,0.5973349436752172,-0.07478209470697506,8.384999999999991,0.07143465667064228,0.7226470588235301,0.028639639135854936,109.73,113.29,115.94,short,back
2022,2022_Nescac_Msd_Results,Breaststroke,Men,200,200_Breaststroke,38,132.9328947368421,131.94,5.412558451316686,0.04071647173584497,124.73,146.11,21.38000000000001,0.39659129155285694,-0.5027384703916891,8.470000000000027,0.06419584659693821,0.5778378378378382,0.02635831054022253,124.42,126.78,128.7,short,breast
2022,2022_Nescac_Msd_Results,Butterfly,Men,200,200_Butterfly,32,118.23718749999999,117.715,4.690288660076665,0.03966847283200698,110.84,131.52,20.680000000000007,1.1059349006265495,1.5125433946494509,4.845000000000013,0.041158730832944086,0.6670967741935486,0.03129559004669078,111.38,113.3,115.79,short,fly
2022,2022_Nescac_Msd_Results,Freestyle,Men,200,200_Freestyle,42,107.38261904761904,107.175,4.5549167884949755,0.04241763545062249,99.66,119.13,19.47,0.7153627099819904,0.2673721797663289,6.222499999999997,0.05805924889199904,0.4748780487804878,0.023850240991416933,101.1,102.91,104.17,short,free
2022,2022_Nescac_Msd_Results,IM,Men,200,200_IM,40,119.604,119.255,4.169752270818976,0.034862983435495265,112.0,132.34,20.340000000000003,0.5536822879573817,0.6720838755197942,5.420000000000002,0.04544882814137773,0.5215384615384616,0.02502948507574394,112.4,113.38,115.4,short,im
2022,2022_Nescac_Msd_Results,IM,Men,400,400_IM,28,256.9557142857143,255.96,9.506450226996792,0.03699645385751716,240.96,284.26,43.29999999999998,0.6469201474005041,0.5367452500408212,13.08250000000001,0.051111501797155845,1.603703703703703,0.035761293867385836,244.29,247.0,256.77,middle,im
2022,2022_Nescac_Msd_Results,Freestyle,Men,500,500_Freestyle,51,294.0996078431373,292.22,11.43903704311093,0.03889511151341665,276.28,319.37,43.09000000000003,0.3258629902355095,-0.8930601228184316,17.46999999999997,0.059783724591061425,0.8618000000000007,0.019636898081987257,273.3,277.28,281.32,distance,free
2022,2022_Nescac_Msd_Results,Backstroke,Men,50,50_Backstroke,33,24.762727272727275,24.71,1.3137161556976626,0.05305215945032596,22.61,28.49,5.879999999999999,0.48444869228354387,0.23145421560521928,1.8999999999999986,0.07689194658033179,0.18374999999999997,0.030385363387820392,23.05,23.83,24.84,sprint,back
2022,2022_Nescac_Msd_Results,Breaststroke,Men,50,50_Breaststroke,39,27.666153846153854,27.54,1.2030551181708187,0.04348472595290174,25.73,30.64,4.91,0.6969333885135054,0.15711771357107995,1.5249999999999986,0.05537400145243278,0.12921052631578947,0.02568711682245377,25.84,26.32,26.68,sprint,breast
2022,2022_Nescac_Msd_Results,Butterfly,Men,50,50_Butterfly,41,24.0409756097561,24.2,1.0243494184663906,0.042608479584776,22.03,26.18,4.149999999999999,-0.08186340229451267,-0.9248973200487067,1.7300000000000004,0.07148760330578514,0.10374999999999997,0.024435094946829265,22.54,22.82,23.31,sprint,fly
2022,2022_Nescac_Msd_Results,Freestyle,Men,50,50_Freestyle,48,22.039374999999996,21.905,0.8934563182989607,0.04053909506503523,20.52,24.01,3.490000000000002,0.4492529230409558,-0.7407852450642332,1.269999999999996,0.05797763067792723,0.07425531914893621,0.020866526581497003,20.82,21.14,21.34,sprint,free
2023,2023_Nescac_Msd_Results,Backstroke,Men,100,100_Backstroke,40,53.015249999999995,52.925,2.186977351848894,0.04125185398255963,48.05,57.74,9.690000000000005,-0.043344445277095134,-0.6342716381753473,3.270000000000003,0.06178554558337276,0.2484615384615386,0.025042996988186524,50.27,51.35,52.05,sprint,back
2023,2023_Nescac_Msd_Results,Breaststroke,Men,100,100_Breaststroke,41,59.65463414634146,59.07,2.8070608685615692,0.04705520214364977,54.34,66.21,11.86999999999999,0.4611753109604775,-0.5443067082685991,4.079999999999998,0.06907059421025899,0.29674999999999974,0.024442400705294465,56.11,57.04,57.66,sprint,breast
2023,2023_Nescac_Msd_Results,Butterfly,Men,100,100_Butterfly,40,52.14825,52.215,1.7880043169690618,0.03428694763427463,48.47,56.15,7.68,0.082660962849711,-0.4413419837088606,2.1725000000000065,0.04160681796418666,0.19692307692307692,0.025029383604903865,49.66,50.23,50.89,sprint,fly
2023,2023_Nescac_Msd_Results,Freestyle,Men,100,100_Freestyle,52,48.3098076923077,47.86,1.9333425523057768,0.04001966980741304,44.51,53.88,9.370000000000005,0.8828018207521944,0.6847241009045719,2.012500000000003,0.042049728374425464,0.18372549019607853,0.019259758450630375,45.69,46.48,46.86,sprint,free
2023,2023_Nescac_Msd_Results,Backstroke,Men,200,200_Backstroke,33,116.22454545454546,115.85,4.450139317471262,0.038289152261831626,105.57,124.1,18.53,0.012360973270965105,-0.37932091058826156,6.310000000000002,0.05446698316788953,0.5790625,0.030347744478223807,109.5,112.27,115.51,short,back
2023,2023_Nescac_Msd_Results,Breaststroke,Men,200,200_Breaststroke,43,131.50511627906974,131.91,5.531694459307233,0.04206448095576988,121.91,144.13,22.22,0.09341414905922986,-0.8276444223358514,8.970000000000013,0.0680009097111668,0.529047619047619,0.0232968873673928,123.3,126.09,128.28,short,breast
2023,2023_Nescac_Msd_Results,Butterfly,Men,200,200_Butterfly,38,117.34078947368423,117.605,4.04219024890099,0.03444829600202685,107.16,128.78,21.620000000000005,0.21978763611038532,0.6859576875809523,5.262499999999989,0.04474724714085276,0.5843243243243245,0.026346837772845116,111.88,114.41,115.58,short,fly
2023,2023_Nescac_Msd_Results,Freestyle,Men,200,200_Freestyle,45,106.2771111111111,106.37,3.8362189847251207,0.03609637996947821,100.1,117.42,17.320000000000007,0.589804466791079,0.24719741641917636,5.480000000000004,0.05151828523079819,0.3936363636363638,0.022250177576477802,100.63,101.99,103.53,short,free
2023,2023_Nescac_Msd_Results,IM,Men,200,200_IM,42,118.60119047619048,117.47,3.9362468239373545,0.033188931815381455,111.47,129.97,18.5,0.5348393206819392,0.0380658285471398,5.347500000000011,0.045522261002809324,0.45121951219512196,0.023834984029696717,111.41,112.93,114.71,short,im
2023,2023_Nescac_Msd_Results,IM,Men,400,400_IM,34,256.4558823529412,255.64000000000001,8.868416569870144,0.0345806712971598,238.65,277.28,38.62999999999997,0.4146900336074884,-0.25931072331512084,12.682500000000005,0.0496107807854796,1.1706060606060595,0.029446137814131725,243.56,246.8,251.91,middle,im
2023,2023_Nescac_Msd_Results,Freestyle,Men,500,500_Freestyle,42,290.7442857142857,288.95000000000005,11.564919892020157,0.03977694647930243,273.57,319.96,46.389999999999986,0.9029423433544046,0.26908328672753923,11.170000000000016,0.03865720712926117,1.131463414634146,0.02384486189896197,273.43,279.24,282.92,distance,free
2023,2023_Nescac_Msd_Results,Backstroke,Men,50,50_Backstroke,28,24.508214285714292,24.355,0.9861941766617934,0.04023933221591917,22.58,26.2,3.620000000000001,0.04290726011620117,-0.8306665034485392,1.6050000000000004,0.06590022582631905,0.13407407407407412,0.035772250543597346,23.36,24.18,24.82,sprint,back
2023,2023_Nescac_Msd_Results,Breaststroke,Men,50,50_Breaststroke,40,27.475249999999996,27.535,1.1364263889491484,0.041361821601228324,25.72,30.84,5.120000000000001,0.6418549749055442,0.4029826902717981,1.4975000000000023,0.05438532776466324,0.1312820512820513,0.02504097469289601,25.63,26.14,26.52,sprint,breast
2023,2023_Nescac_Msd_Results,Butterfly,Men,50,50_Butterfly,37,23.630000000000003,23.78,0.8192646669999838,0.03467053182395191,21.78,25.34,3.5599999999999987,-0.2642419860415756,-0.5733801633923941,1.1199999999999974,0.047098402018502836,0.09888888888888886,0.02706028162163884,22.47,23.01,23.36,sprint,fly
2023,2023_Nescac_Msd_Results,Freestyle,Men,50,50_Freestyle,47,21.85787234042553,21.89,0.8937440639177074,0.04088888662162934,20.18,24.86,4.68,0.773308043948394,1.693401818411992,1.0100000000000016,0.04613978985838289,0.1017391304347826,0.021310507512808264,20.84,21.08,21.32,sprint,free
2024,2024_Nescac_Msd_Results,Backstroke,Men,100,100_Backstroke,35,53.254285714285714,53.43,2.877949950636276,0.05404165903335461,48.61,64.19,15.579999999999998,1.3741857680757064,3.7904465327351824,3.4949999999999974,0.06541268950028069,0.458235294117647,0.028645885777198093,49.63,51.3,53.08,sprint,back
2024,2024_Nescac_Msd_Results,Breaststroke,Men,100,100_Breaststroke,48,59.79666666666666,59.18000000000001,3.4816610818528693,0.05822500276246507,55.08,70.11,15.030000000000001,1.1245286487110915,1.0340078616475505,4.567500000000003,0.07717979046975333,0.3197872340425532,0.020896559688253488,55.56,56.65,57.45,sprint,breast
2024,2024_Nescac_Msd_Results,Butterfly,Men,100,100_Butterfly,39,51.75282051282051,51.76,2.2236398305457388,0.04296654382334361,48.12,59.35,11.230000000000004,0.7010288210223868,1.6234615109145816,2.7750000000000057,0.05361282843894911,0.2955263157894738,0.025686338570669404,48.91,50.1,50.83,sprint,fly
2024,2024_Nescac_Msd_Results,Freestyle,Men,100,100_Freestyle,60,48.27700000000001,47.745000000000005,2.475924271862934,0.0512857938948761,44.23,57.37,13.14,1.5352209259137235,2.9294832735560288,1.6375000000000028,0.03429678500366536,0.22271186440677967,0.016705024610031118,45.26,46.0,46.52,sprint,free
2024,2024_Nescac_Msd_Results,Backstroke,Men,200,200_Backstroke,32,115.46249999999999,115.625,4.86200061702999,0.04210891516319143,106.55,125.05,18.5,0.1700446454836823,-0.846883433439634,6.784999999999997,0.058681081081081055,0.5967741935483871,0.03130494868689786,109.52,113.15,114.91,short,back
2024,2024_Nescac_Msd_Results,Breaststroke,Men,200,200_Breaststroke,45,132.50133333333332,131.71,7.274501769880875,0.05490134768365256,121.53,156.19,34.66,0.9018797968978312,0.9572365106369154,8.360000000000014,0.06347278111001453,0.7877272727272726,0.022284098124707986,122.54,126.51,128.7,short,breast
2024,2024_Nescac_Msd_Results,Butterfly,Men,200,200_Butterfly,36,116.44083333333333,115.705,5.353906867886291,0.04597963373003134,108.1,133.19,25.090000000000003,0.9632959353503595,1.1344967092620397,8.102499999999992,0.07002722440689678,0.716857142857143,0.02783232404202431,111.44,112.66,114.67,short,fly
2024,2024_Nescac_Msd_Results,Freestyle,Men,200,200_Freestyle,40,105.84075,105.07000000000001,4.497352769963683,0.042491694077788404,100.03999999999999,121.92,21.88000000000001,1.4590400372723817,2.7128062858036603,5.087500000000006,0.04842010088512425,0.5610256410256412,0.02504052441049395,100.75,102.14,103.26,short,free
2024,2024_Nescac_Msd_Results,IM,Men,200,200_IM,36,118.14111111111112,117.045,5.7178413651082725,0.048398405189626764,112.74000000000001,147.61,34.870000000000005,3.7907577768828653,16.76250575250792,3.2674999999999983,0.027916613268401027,0.9962857142857144,0.027825436805988472,111.88,113.24,114.37,short,im
2024,2024_Nescac_Msd_Results,IM,Men,400,400_IM,29,254.70241379310343,254.63,7.22417190346715,0.02836318586809859,242.77,268.12,25.349999999999994,0.14343183770269535,-1.1414453295755849,12.279999999999973,0.04822683894277961,0.9053571428571426,0.03451032992965706,241.42,247.48,255.06,middle,im
2024,2024_Nescac_Msd_Results,Freestyle,Men,500,500_Freestyle,51,292.6674509803922,287.58,12.850082145634628,0.04390676893719741,272.87,326.39,53.51999999999998,0.7850631731034502,-0.2477990175737692,19.340000000000032,0.06725085193685247,1.0703999999999996,0.019643385213086444,274.37,277.43,282.55,distance,free
2024,2024_Nescac_Msd_Results,Backstroke,Men,50,50_Backstroke,31,25.006451612903227,24.73,2.51352156043179,0.10051492308228263,22.54,35.72,13.18,2.658124897124686,8.423460959604613,1.8100000000000023,0.07319045693489698,0.4393333333333333,0.032476847151556944,23.39,23.85,25.0,sprint,back
2024,2024_Nescac_Msd_Results,Breaststroke,Men,50,50_Breaststroke,43,27.530000000000005,27.36,1.3990511734909885,0.05081914905524839,25.48,32.17,6.690000000000001,1.2285880241676153,1.676987117765683,1.2699999999999996,0.04641812865497075,0.1592857142857143,0.02330983967216122,25.6,26.03,26.52,sprint,breast
2024,2024_Nescac_Msd_Results,Butterfly,Men,50,50_Butterfly,44,23.89431818181818,23.71,1.1575707277179317,0.048445438740275834,21.84,28.35,6.510000000000002,1.1443508892935408,2.996946859766661,1.4250000000000007,0.06010122311261074,0.15139534883720934,0.022776251767321176,22.36,22.75,23.14,sprint,fly
2024,2024_Nescac_Msd_Results,Freestyle,Men,50,50_Freestyle,53,21.887924528301888,21.74,0.8931972642113216,0.040807764256331605,19.95,24.85,4.900000000000002,0.6879075613675657,1.4746067258896245,0.8200000000000003,0.0377184912603496,0.09423076923076927,0.018898081020899137,20.63,20.93,21.25,sprint,free
2025,2025_Nescac_Msd_Results,Backstroke,Men,100,100_Backstroke,36,53.025277777777774,52.345,3.2368018218529557,0.06104261886977721,47.28,67.32,20.039999999999992,2.1927269827551235,8.129871615098809,3.1925000000000026,0.060989588308338956,0.5725714285714284,0.027862353883699318,49.93,51.06,52.57,sprint,back
2025,2025_Nescac_Msd_Results,Breaststroke,Men,100,100_Breaststroke,48,59.13229166666667,58.63,3.0096582305854187,0.05089703351175862,55.04,67.96,12.919999999999995,0.7301976885021729,0.004208651368880378,4.692500000000003,0.08003581784069592,0.27489361702127646,0.020884026094851495,55.41,56.25,57.32,sprint,breast
2025,2025_Nescac_Msd_Results,Butterfly,Men,100,100_Butterfly,39,51.83102564102564,51.29,1.9688911298987097,0.03798672909803043,48.38,55.93,7.549999999999997,0.30312632874914347,-0.5706155337868162,2.374999999999993,0.04630532267498524,0.1986842105263157,0.025677395926180097,49.1,50.23,50.94,sprint,fly
2025,2025_Nescac_Msd_Results,Freestyle,Men,100,100_Freestyle,62,48.28822580645162,47.675,2.8082824071029084,0.05815666987557252,44.58,64.48,19.900000000000006,3.2283567032392915,15.59672701134259,2.1650000000000063,0.045411641321447434,0.3262295081967214,0.01616989389052677,45.75,46.0,46.29,sprint,free
2025,2025_Nescac_Msd_Results,Backstroke,Men,200,200_Backstroke,32,116.5003125,116.905,4.631750805833982,0.039757411001227844,104.65,125.93,21.28,-0.256553234816602,-0.1260294705696281,6.13000000000001,0.05243573842008477,0.6864516129032259,0.03130086972761564,109.73,113.5,115.66,short,back
2025,2025_Nescac_Msd_Results,Breaststroke,Men,200,200_Breaststroke,43,130.0553488372093,129.62,5.708003906729817,0.04388903615086639,121.01,145.97,24.959999999999994,0.699874460316142,0.21255975932230564,7.449999999999989,0.057475698194722945,0.5942857142857141,0.023298376780481047,122.69,125.31,126.42,short,breast
2025,2025_Nescac_Msd_Results,Butterfly,Men,200,200_Butterfly,34,116.00058823529412,115.06,4.939587944934673,0.04258243876242486,107.37,127.61,20.239999999999995,0.621989935632321,-0.3824395692314173,7.672499999999999,0.06668260038240917,0.6133333333333332,0.029462706391742664,110.33,112.77,117.21,short,fly
2025,2025_Nescac_Msd_Results,Freestyle,Men,200,200_Freestyle,41,105.88560975609757,105.97,4.361718193992737,0.04119273812598092,98.64,117.86,19.22,0.4044458930192477,-0.2962103772128266,5.320000000000007,0.05020288760970093,0.4805,0.024430582072315406,100.37,102.44,103.96,short,free
2025,2025_Nescac_Msd_Results,IM,Men,200,200_IM,38,116.6523684210526,116.285,3.413248517646099,0.029260001865766664,112.06,124.94,12.879999999999995,0.786014535544591,-0.19467232099654508,4.262500000000003,0.036655630562841324,0.348108108108108,0.02633738165172396,111.35,112.86,115.04,short,im
2025,2025_Nescac_Msd_Results,IM,Men,400,400_IM,35,255.1177142857143,253.96,8.404779621726913,0.03294471199406458,240.71,271.6,30.890000000000015,0.2131727050885813,-0.9089456176815376,12.879999999999995,0.05071664829106944,0.9085294117647064,0.02860211142646121,241.62,246.06,249.72,middle,im
2025,2025_Nescac_Msd_Results,Freestyle,Men,500,500_Freestyle,42,287.97857142857146,287.28,9.150137280112139,0.03177367411304659,269.24,313.66,44.420000000000016,0.3639042724087881,0.7293432681791363,9.362500000000011,0.03259015594541915,1.0834146341463418,0.02383319643162271,271.74,278.67,282.71,distance,free
2025,2025_Nescac_Msd_Results,Backstroke,Men,50,50_Backstroke,35,24.920571428571428,24.79,1.5122338119618992,0.060682148332606996,22.2,31.21,9.010000000000002,1.8612553174265876,6.347023290963916,1.3049999999999997,0.0526421944332392,0.26500000000000007,0.02866033800608758,23.28,24.11,24.61,sprint,back
2025,2025_Nescac_Msd_Results,Breaststroke,Men,50,50_Breaststroke,47,27.68000000000001,27.57,1.3633375817097273,0.04925352535078493,25.24,31.65,6.41,0.7043339338331142,0.4471831176913357,1.6550000000000011,0.060029017047515454,0.13934782608695653,0.02132545712452455,25.49,25.97,26.48,sprint,breast
2025,2025_Nescac_Msd_Results,Butterfly,Men,50,50_Butterfly,39,23.964358974358976,23.89,0.9318022098690778,0.03888283474914032,22.45,25.94,3.490000000000002,0.2556880007437705,-0.6599842829849716,1.2750000000000021,0.05336961071578075,0.09184210526315795,0.0256792478667351,22.51,22.89,23.34,sprint,fly
2025,2025_Nescac_Msd_Results,Freestyle,Men,50,50_Freestyle,59,21.850677966101696,21.85,0.8643227277181252,0.039555876895856615,20.22,24.37,4.150000000000002,0.3410916257953749,-0.1356510673037774,1.134999999999998,0.051945080091533084,0.07155172413793107,0.016975173924516154,20.71,21.1,21.25,sprint,free
